shaker,jumpingjack,run_with_ankle,run_with_wrist
0.665393617337026,0.858189960517982,0.991042322326691,0.718811136909257
