device,device_name,average_extrapolation_rate,sd_extrapolation_rate,min_extrapolation_rate
100Hz_2g,LG urbane R,0.607058135442154,0.243467584472046,0.0213436103567246
20Hz_2g,Actival3,0.403008933721708,0.28387834117828,0.0779461213866244
40Hz_2g,Recommended,0.632167588098387,0.261037523529683,0.148441699517857
total,total,0.54741155242075,0.281015521109503,0.0213436103567246
