device,device_name,average_extrapolation_rate,sd_extrapolation_rate,min_extrapolation_rate
100Hz_2g,LG urbane R,0.728218782511183,0.253106825419774,-0.107706370985655
20Hz_2g,Actival3,0.357284305878309,0.266198525137375,0.0658595244753323
30Hz_2g,GT3X,0.510759315261747,0.278833083246497,0.114166564460442
40Hz_2g,Recommended,0.629358812863945,0.259058120387235,0.190593397221379
50Hz_2g,Nexus 4,0.710301429340728,0.225356556952522,0.0241737494569269
60Hz_2g,GT3X+,0.739507112540229,0.232941157307251,-0.0518754340907003
80Hz_2g,GT3XBT,0.765804020213251,0.236164744577117,-0.110985256798868
total,total,0.63446196837277,0.28488072659372,-0.110985256798868
