shaker,jumpingjack,run_with_ankle,run_with_wrist
0.655076962726442,0.733609563471904,0.802978450353533,0.608911488341091
